USE enterprise;

INSERT INTO apple_account(email,name,balance)
VALUES ('robertutterback@yahoo.com','robert utterback',0),
('robertwillhardt@yahoo.com','robert willhardt',0),
('robertmckirdy@yahoo.com','robert mckirdy',60.83817473033969),
('robertmclaughlin@yahoo.com','robert mclaughlin',0),
('robertmayfield@yahoo.com','robert mayfield',0),
('coltonutterback@yahoo.com','colton utterback',11.893752408697466),
('coltonwillhardt@yahoo.com','colton willhardt',99.47115855927541),
('coltonmckirdy@yahoo.com','colton mckirdy',0),
('coltonmclaughlin@yahoo.com','colton mclaughlin',31.725221755412914),
('coltonmayfield@yahoo.com','colton mayfield',0),
('ryanutterback@yahoo.com','ryan utterback',87.03472534502424),
('ryanwillhardt@yahoo.com','ryan willhardt',34.90530744850505),
('ryanmckirdy@yahoo.com','ryan mckirdy',25.47098057789501),
('ryanmclaughlin@yahoo.com','ryan mclaughlin',89.38941337920303),
('ryanmayfield@yahoo.com','ryan mayfield',14.5474556484249),
('jacobutterback@yahoo.com','jacob utterback',83.60483009393876),
('jacobwillhardt@yahoo.com','jacob willhardt',14.009899899029998),
('jacobmckirdy@yahoo.com','jacob mckirdy',36.048611892786795),
('jacobmclaughlin@yahoo.com','jacob mclaughlin',1.568629244959463),
('jacobmayfield@yahoo.com','jacob mayfield',69.82247028060667),
('loganutterback@yahoo.com','logan utterback',56.008686513888705),
('loganwillhardt@yahoo.com','logan willhardt',74.47322891446146),
('loganmckirdy@yahoo.com','logan mckirdy',59.10932476126154),
('loganmclaughlin@yahoo.com','logan mclaughlin',62.822581235272324),
('loganmayfield@yahoo.com','logan mayfield',0);


INSERT INTO artist(name,email,phone)
VALUES ('lil Wayne','Wayne@yahoo.com',9779781015),
('lil Swift','Swift@yahoo.com',3492915719),
('lil Cities','Cities@yahoo.com',6945743660),
('lil Polly','Polly@yahoo.com',1465725988),
('lil Boston','Boston@yahoo.com',5555021720),
('Taylor Wayne','Wayne@yahoo.com',1365460716),
('Taylor Swift','Swift@yahoo.com',4406562889),
('Taylor Cities','Cities@yahoo.com',6487296628),
('Taylor Polly','Polly@yahoo.com',6345387312),
('Taylor Boston','Boston@yahoo.com',2882705040),
('Capital Wayne','Wayne@yahoo.com',9899297935),
('Capital Swift','Swift@yahoo.com',2935123344),
('Capital Cities','Cities@yahoo.com',6991499898),
('Capital Polly','Polly@yahoo.com',5168389675),
('Capital Boston','Boston@yahoo.com',6420741403),
('Rolly Wayne','Wayne@yahoo.com',2943237959),
('Rolly Swift','Swift@yahoo.com',5073853349),
('Rolly Cities','Cities@yahoo.com',7709788111),
('Rolly Polly','Polly@yahoo.com',3619147644),
('Rolly Boston','Boston@yahoo.com',1255242650),
('Wayne','Wayne@yahoo.com',5387597478),
('Swift','Swift@yahoo.com',8774224718),
('Cities','Cities@yahoo.com',6543300417),
('Polly','Polly@yahoo.com',6529581934),
('Boston','Boston@yahoo.com',7966514326);

INSERT INTO song(artist_id,name,album_name,price)
VALUES (1,'Mars','Cool Songs',1.29),
(1,'Monday','Cool Songs',1.29),
(1,'Corn','Cool Songs',1.29),
(1,'Mars','Life',1.29),
(1,'Monday','Life',1.29),
(1,'Corn','Life',0.99),
(2,'Mars','Cool Songs',0.99),
(3,'Mars','Cool Songs',1.29),
(3,'Monday','Cool Songs',1.29),
(3,'Mars','Life',1.29),
(3,'Monday','Life',0.99),
(3,'Corn','Life',0.99),
(3,'Mars','Rainbows',1.29),
(4,'Mars','Cool Songs',0.99),
(4,'Monday','Cool Songs',1.29),
(5,'Mars','Cool Songs',0.99),
(5,'Monday','Cool Songs',0.99),
(6,'Mars','Cool Songs',1.29),
(6,'Monday','Cool Songs',1.29),
(6,'Corn','Cool Songs',1.29),
(6,'Mars','Life',1.29),
(6,'Mars','Rainbows',1.29),
(6,'Monday','Rainbows',0.99),
(7,'Mars','Cool Songs',1.29),
(8,'Mars','Cool Songs',0.99),
(8,'Monday','Cool Songs',0.99),
(8,'Corn','Cool Songs',1.29),
(8,'Mars','Life',0.99),
(8,'Monday','Life',0.99),
(8,'Corn','Life',1.29),
(8,'Yes','Life',1.29),
(8,'Mars','Rainbows',1.29),
(9,'Mars','Cool Songs',0.99),
(9,'Monday','Cool Songs',1.29),
(9,'Corn','Cool Songs',0.99),
(9,'Yes','Cool Songs',0.99),
(10,'Mars','Cool Songs',0.99),
(10,'Monday','Cool Songs',0.99),
(10,'Corn','Cool Songs',1.29),
(10,'Yes','Cool Songs',0.99),
(10,'Mars','Life',1.29),
(10,'Monday','Life',0.99),
(10,'Corn','Life',1.29),
(10,'Yes','Life',0.99),
(11,'Mars','Cool Songs',0.99),
(11,'Monday','Cool Songs',0.99),
(12,'Mars','Cool Songs',0.99),
(13,'Mars','Cool Songs',0.99),
(13,'Monday','Cool Songs',0.99),
(13,'Corn','Cool Songs',1.29),
(13,'Yes','Cool Songs',0.99),
(13,'Mars','Life',0.99),
(13,'Monday','Life',0.99),
(14,'Mars','Cool Songs',1.29),
(14,'Mars','Life',0.99),
(14,'Monday','Life',1.29),
(14,'Mars','Rainbows',1.29),
(14,'Monday','Rainbows',0.99),
(15,'Mars','Cool Songs',0.99),
(15,'Monday','Cool Songs',0.99),
(15,'Mars','Life',0.99),
(15,'Monday','Life',0.99),
(15,'Mars','Rainbows',0.99),
(15,'Monday','Rainbows',1.29),
(15,'Corn','Rainbows',1.29),
(15,'Yes','Rainbows',1.29),
(16,'Mars','Cool Songs',1.29),
(17,'Mars','Cool Songs',0.99),
(17,'Monday','Cool Songs',1.29),
(17,'Corn','Cool Songs',0.99),
(17,'Yes','Cool Songs',1.29),
(18,'Mars','Cool Songs',0.99),
(18,'Monday','Cool Songs',0.99),
(18,'Corn','Cool Songs',1.29),
(18,'Yes','Cool Songs',0.99),
(18,'Mars','Life',1.29),
(18,'Monday','Life',0.99),
(18,'Corn','Life',0.99),
(18,'Mars','Rainbows',0.99),
(18,'Monday','Rainbows',1.29),
(19,'Mars','Cool Songs',1.29),
(19,'Monday','Cool Songs',1.29),
(19,'Mars','Life',0.99),
(19,'Monday','Life',1.29),
(19,'Corn','Life',0.99),
(20,'Mars','Cool Songs',0.99),
(20,'Monday','Cool Songs',1.29),
(20,'Corn','Cool Songs',0.99),
(20,'Yes','Cool Songs',0.99),
(20,'Mars','Life',1.29),
(20,'Monday','Life',1.29),
(20,'Corn','Life',0.99),
(20,'Yes','Life',1.29),
(20,'Mars','Rainbows',1.29),
(21,'Mars','Cool Songs',0.99),
(21,'Monday','Cool Songs',0.99),
(21,'Corn','Cool Songs',1.29),
(22,'Mars','Cool Songs',0.99),
(22,'Mars','Life',1.29),
(22,'Monday','Life',1.29),
(22,'Corn','Life',1.29),
(22,'Mars','Rainbows',1.29),
(22,'Monday','Rainbows',1.29),
(22,'Corn','Rainbows',1.29);

INSERT INTO song_purchases(song_id,apple_id,date,cost)
VALUES (92,1,'2016-5-25',0.99),
(96,1,'2015-6-23',1.29),
(64,1,'2011-3-21',1.29),
(71,1,'2017-7-19',1.29),
(79,1,'2013-6-20',0.99),
(16,1,'2018-4-20',1.29),
(48,1,'2019-4-8',0.99),
(42,2,'2014-12-20',1.29),
(76,2,'2014-11-20',0.99),
(13,2,'2018-5-16',0.99),
(4,2,'2011-12-24',0.99),
(62,2,'2016-5-7',0.99),
(72,2,'2011-9-20',1.29),
(6,2,'2013-1-12',1.29),
(23,2,'2015-7-11',0.99),
(19,2,'2018-1-17',0.99),
(97,2,'2019-10-17',1.29),
(7,3,'2013-6-13',0.99),
(33,3,'2015-6-5',0.99),
(59,3,'2014-7-6',0.99),
(46,4,'2015-12-7',0.99),
(25,4,'2016-2-11',1.29),
(25,5,'2016-7-16',0.99),
(77,5,'2014-10-12',1.29),
(62,5,'2016-6-5',0.99),
(2,5,'2016-4-14',0.99),
(21,5,'2015-9-18',1.29),
(14,6,'2012-7-9',0.99),
(57,6,'2019-9-28',1.29),
(26,6,'2015-9-27',0.99),
(88,6,'2011-2-28',1.29),
(68,6,'2013-5-20',1.29),
(70,6,'2019-3-2',0.99),
(69,6,'2017-1-15',1.29),
(63,6,'2011-5-16',1.29),
(32,6,'2019-1-21',0.99),
(3,8,'2019-12-26',0.99),
(80,8,'2019-2-20',0.99),
(98,8,'2019-12-18',1.29),
(69,8,'2014-3-23',0.99),
(48,8,'2011-4-25',0.99),
(58,8,'2017-1-18',0.99),
(62,8,'2014-4-27',1.29),
(40,8,'2017-4-3',0.99),
(64,8,'2012-7-10',0.99),
(92,9,'2013-11-23',0.99),
(81,10,'2016-2-20',1.29),
(18,10,'2012-10-24',1.29),
(6,10,'2014-8-14',1.29),
(57,10,'2018-8-9',0.99),
(5,10,'2014-4-16',1.29),
(39,10,'2018-10-12',0.99),
(9,10,'2017-8-17',1.29),
(94,12,'2017-2-2',0.99),
(23,12,'2016-6-26',0.99),
(89,12,'2013-12-5',0.99),
(30,12,'2017-6-25',1.29),
(58,12,'2014-7-4',0.99),
(90,12,'2019-12-14',0.99),
(20,13,'2015-8-28',0.99),
(7,13,'2017-9-24',0.99),
(88,13,'2012-9-24',1.29),
(9,13,'2015-8-20',0.99),
(79,13,'2018-6-21',0.99),
(66,13,'2017-5-21',0.99),
(25,13,'2012-3-28',0.99),
(33,13,'2013-8-12',0.99),
(98,15,'2012-7-14',0.99),
(96,15,'2013-10-20',0.99),
(39,15,'2011-12-27',0.99),
(91,15,'2012-12-25',1.29),
(24,15,'2019-11-3',0.99),
(52,15,'2015-11-10',0.99),
(34,15,'2019-1-13',1.29),
(23,16,'2013-12-27',0.99),
(74,16,'2011-12-28',1.29),
(93,16,'2013-3-10',0.99),
(72,16,'2019-4-4',0.99),
(14,16,'2018-5-19',1.29),
(41,16,'2014-11-25',0.99),
(97,16,'2013-7-10',0.99),
(12,17,'2015-1-1',1.29),
(16,17,'2015-11-1',0.99),
(5,17,'2011-11-26',0.99),
(6,18,'2019-9-16',0.99),
(76,19,'2015-7-27',1.29),
(51,19,'2017-9-1',1.29);

INSERT INTO developer(name,email,phone)
VALUES ('Epic Games','Epic Games@yahoo.com',5776476494),
('Epic Studios','Epic Studios@yahoo.com',2221248696),
('Epic','Epic@yahoo.com',5668787876),
('Epic Creations','Epic Creations@yahoo.com',7454744243),
('Little Games','Little Games@yahoo.com',3096857831),
('Little Studios','Little Studios@yahoo.com',8141029355),
('Little','Little@yahoo.com',7561248425),
('Little Creations','Little Creations@yahoo.com',3675525050),
('Mojang Games','Mojang Games@yahoo.com',8554799768),
('Mojang Studios','Mojang Studios@yahoo.com',2570960096),
('Mojang','Mojang@yahoo.com',1539497416),
('Mojang Creations','Mojang Creations@yahoo.com',9703674885),
('Awesome Games','Awesome Games@yahoo.com',7418587607),
('Awesome Studios','Awesome Studios@yahoo.com',4883668494),
('Awesome','Awesome@yahoo.com',8630745857),
('Awesome Creations','Awesome Creations@yahoo.com',3176733649);

INSERT INTO app(name,price,dev_id)
VALUES ('Hop Forever',1.99,15),
('Hop Royale',1.99,4),
('Hop Bird',1.99,5),
('Hop',0,10),
('Hop Go',0,9),
('Clash Forever',1.99,14),
('Clash Royale',0,7),
('Clash Bird',0.99,7),
('Clash',0,15),
('Clash Go',0,6),
('Flappy Forever',1.99,12),
('Flappy Royale',1.99,15),
('Flappy Bird',0.99,12),
('Flappy',1.99,10),
('Flappy Go',0.99,13),
('Twitter Forever',0,7),
('Twitter Royale',0.99,12),
('Twitter Bird',1.99,13),
('Twitter',1.99,14),
('Twitter Go',0.99,2),
('Pokemon Forever',1.99,3),
('Pokemon Royale',0,11),
('Pokemon Bird',0,15),
('Pokemon',0,8),
('Pokemon Go',1.99,15);

INSERT INTO app_purchase(app_id,apple_id,date,cost)
VALUES (3,17,'2015-11-13',1.99),
(3,9,'2018-11-16',1.99),
(3,12,'2011-2-16',0.59),
(3,11,'2017-8-25',0.99),
(3,24,'2016-3-24',0.99),
(3,7,'2016-11-16',0.59),
(3,13,'2016-11-1',1.99),
(4,7,'2016-8-5',0.59),
(4,16,'2015-6-4',0.59),
(4,5,'2013-3-24',1.99),
(4,18,'2019-11-5',0.59),
(4,13,'2011-7-1',0.99),
(5,16,'2017-11-7',0.99),
(5,22,'2018-10-20',0.59),
(5,8,'2012-7-3',0.99),
(5,9,'2012-10-21',0.99),
(6,7,'2016-12-7',0.99),
(6,10,'2018-12-20',1.99),
(7,16,'2013-10-3',0.59),
(7,24,'2016-6-9',0.59),
(7,6,'2015-7-27',0.59),
(7,10,'2014-8-20',0.59),
(8,12,'2018-7-1',1.99),
(8,18,'2019-4-6',1.99),
(8,20,'2018-7-5',1.99),
(8,9,'2014-12-24',0.99),
(8,11,'2019-4-28',0.59),
(8,17,'2016-12-2',0.59),
(8,23,'2012-4-3',0.99),
(8,19,'2012-2-21',0.99),
(8,5,'2014-2-10',0.59),
(9,25,'2018-1-17',0.99),
(9,19,'2013-1-9',1.99),
(10,8,'2012-4-1',0.59),
(10,18,'2015-3-4',0.59),
(10,10,'2018-9-3',1.99),
(10,24,'2011-9-20',0.59),
(10,21,'2017-3-18',0.99),
(10,11,'2016-6-11',1.99),
(11,25,'2011-2-27',0.59),
(11,24,'2015-3-4',0.99),
(11,23,'2019-5-9',0.99),
(11,20,'2016-9-18',1.99),
(11,13,'2019-12-17',0.99),
(11,14,'2012-4-17',1.99),
(11,9,'2015-7-10',0.59),
(15,14,'2015-10-21',0.59),
(15,25,'2015-7-11',0.59),
(15,23,'2012-1-25',0.59),
(15,9,'2015-10-18',0.59),
(15,7,'2016-3-12',0.59),
(15,24,'2011-11-28',1.99),
(15,18,'2011-8-5',0.99),
(16,14,'2011-2-24',0.99),
(16,22,'2016-7-4',0.99),
(16,12,'2015-6-10',1.99),
(16,15,'2016-2-26',0.59),
(17,22,'2016-2-16',0.59),
(17,19,'2014-5-2',1.99),
(17,18,'2015-11-10',0.59),
(17,13,'2016-3-5',1.99),
(17,11,'2014-12-23',1.99),
(18,24,'2019-5-22',0.99),
(18,17,'2012-9-21',0.59),
(18,18,'2015-10-24',1.99),
(18,11,'2017-9-1',1.99),
(18,9,'2012-10-11',1.99),
(18,25,'2014-2-25',0.99),
(20,18,'2016-5-27',0.59),
(20,12,'2012-2-5',0.59),
(20,7,'2014-3-6',1.99),
(20,17,'2012-8-1',0.59),
(20,23,'2014-7-4',0.59),
(20,15,'2015-1-19',0.59),
(20,5,'2014-4-15',0.99),
(21,17,'2012-8-19',0.59),
(21,22,'2015-2-20',0.59),
(22,5,'2012-8-24',0.59),
(22,12,'2015-2-3',0.59),
(22,16,'2011-4-23',0.59),
(22,6,'2011-6-2',0.99),
(22,18,'2016-2-6',0.59);

INSERT INTO in_app_items(app_id,type,price,name)
VALUES (1,TRUE,0.59,'Currency'),
(1,FALSE,0.59,'Character,'),
(2,TRUE,0.99,'Currency'),
(4,FALSE,0.59,'Character,'),
(4,FALSE,0.59,'Upgrade,'),
(4,TRUE,0.59,'Currency'),
(6,FALSE,0.99,'Upgrade,'),
(6,TRUE,0.99,'Currency'),
(6,FALSE,0.59,'Cool Thing,'),
(6,TRUE,1.99,'Gems'),
(10,TRUE,0.59,'Elixir'),
(10,FALSE,1.99,'Character,'),
(10,TRUE,0.99,'Elixir'),
(11,TRUE,0.59,'Elixir'),
(11,FALSE,0.59,'Character,'),
(11,TRUE,0.99,'Currency'),
(11,FALSE,0.99,'Skin,'),
(12,TRUE,1.99,'Gems'),
(12,FALSE,1.99,'Car,'),
(14,TRUE,0.59,'Food'),
(15,TRUE,0.59,'Food'),
(15,FALSE,0.99,'Skin,'),
(15,FALSE,0.59,'Car,'),
(15,TRUE,1.99,'Currency'),
(21,FALSE,1.99,'Car,'),
(24,TRUE,0.99,'Food'),
(24,TRUE,0.59,'Food');

INSERT INTO in_app_purchase(iai_id,apple_id,date,cost,amount)
VALUES (6,7,'2013-5-4',1.99,9),
(4,16,'2015-9-15',1.99,4),
(5,16,'2015-9-15',0.99,4),
(6,16,'2017-6-5',0.99,5),
(5,5,'2017-6-5',0.99,8),
(6,5,'2013-1-21',1.99,9),
(4,18,'2011-7-18',1.99,3),
(5,18,'2017-7-14',0.99,4),
(6,18,'2019-3-9',1.99,5),
(4,13,'2017-11-7',0.59,5),
(5,13,'2016-6-25',0.59,1),
(6,13,'2015-8-1',1.99,5),
(7,7,'2011-8-19',0.59,1),
(8,7,'2017-6-24',1.99,7),
(9,7,'2017-2-25',1.99,6),
(10,7,'2012-4-10',0.59,2),
(7,10,'2017-5-15',0.59,10),
(8,10,'2017-2-22',0.99,7),
(10,10,'2019-12-3',1.99,2),
(11,8,'2011-10-28',0.59,10),
(12,8,'2017-3-1',0.59,4),
(13,8,'2017-11-21',0.99,8),
(11,18,'2017-10-22',0.99,7),
(12,18,'2014-12-4',0.99,5),
(11,10,'2016-12-28',0.59,5),
(13,10,'2013-4-17',0.99,7),
(11,24,'2016-9-12',0.59,9),
(13,24,'2019-6-3',0.59,7),
(11,21,'2018-4-2',0.59,6),
(13,21,'2011-11-28',1.99,1),
(11,11,'2019-4-17',0.59,1),
(12,11,'2019-1-14',1.99,1),
(13,11,'2017-3-23',1.99,6),
(14,25,'2019-10-14',1.99,9),
(15,25,'2018-8-22',0.59,3),
(16,25,'2014-11-1',0.99,5),
(14,24,'2011-12-22',1.99,6),
(15,24,'2017-2-20',0.59,10),
(16,24,'2018-6-25',1.99,1),
(17,24,'2017-11-8',1.99,4),
(14,23,'2015-6-8',0.59,8),
(15,23,'2011-5-21',1.99,4),
(16,23,'2015-7-17',0.99,3),
(17,23,'2018-3-1',0.99,8),
(14,20,'2012-9-1',0.99,9),
(17,20,'2016-10-28',1.99,7),
(14,13,'2016-8-18',0.59,2),
(15,13,'2016-7-22',0.99,3),
(16,13,'2017-5-22',0.99,1),
(17,13,'2017-11-5',0.59,4),
(14,14,'2014-11-3',0.59,8),
(15,14,'2016-4-8',0.59,8),
(16,14,'2012-5-24',1.99,5),
(17,14,'2012-11-4',0.59,7),
(14,9,'2017-8-2',0.59,1),
(15,9,'2012-3-10',0.59,6),
(16,9,'2017-3-24',0.59,4),
(17,9,'2017-4-22',1.99,3),
(21,14,'2013-12-4',0.99,8),
(22,14,'2012-10-8',0.59,6),
(23,14,'2019-5-4',0.99,2),
(24,14,'2015-11-25',1.99,4),
(21,25,'2015-8-18',1.99,9),
(22,25,'2014-1-14',1.99,9),
(24,25,'2017-12-7',0.59,1),
(21,23,'2019-10-6',1.99,3),
(22,23,'2017-8-23',0.59,5),
(23,23,'2015-3-28',0.99,6),
(24,23,'2016-11-10',0.99,1),
(22,9,'2018-8-4',0.59,4),
(23,9,'2015-2-8',0.59,8),
(24,9,'2014-4-20',1.99,7),
(23,7,'2011-12-9',0.59,5),
(21,24,'2018-9-28',0.99,5),
(22,24,'2014-6-15',0.59,7),
(23,24,'2011-11-17',0.99,6),
(24,24,'2019-4-19',1.99,2),
(21,18,'2016-12-25',0.59,5),
(22,18,'2016-1-9',0.59,9),
(23,18,'2011-2-10',0.59,7),
(24,18,'2015-7-6',0.99,8),
(25,17,'2019-1-14',0.59,4);

INSERT INTO consumable_ownership(iai_id,apple_id,amount)
VALUES (6,7,5),
(6,16,1),
(6,5,4),
(6,18,9),
(6,13,6),
(8,7,10),
(10,7,5),
(8,10,1),
(10,10,9),
(11,8,8),
(13,8,0),
(11,18,1),
(11,10,4),
(13,10,0),
(11,24,8),
(13,24,6),
(11,21,5),
(13,21,5),
(11,11,8),
(13,11,5),
(14,25,0),
(16,25,0),
(14,24,1),
(16,24,0),
(14,23,7),
(16,23,9),
(14,20,5),
(14,13,6),
(16,13,6),
(14,14,5),
(16,14,9),
(14,9,0),
(16,9,0),
(21,14,2),
(24,14,5),
(21,25,1),
(24,25,9),
(21,23,8),
(24,23,0),
(24,9,9),
(21,24,8),
(24,24,8),
(21,18,10),
(24,18,2);

INSERT INTO store(city,country,address)
VALUES ('New york','USA','656 Broadway Street'),
('New york','Canada','180 Broadway Street'),
('New york','Mexico','432 Main Street'),
('New york','Germany','929 East Street'),
('Chicago','USA','188 Main Street'),
('Chicago','Canada','705 Broadway Street'),
('Chicago','Mexico','423 Main Street'),
('Chicago','Germany','768 North Street'),
('San Diego','USA','645 Main Street'),
('San Diego','Canada','773 East Street'),
('San Diego','Mexico','309 Broadway Street'),
('San Diego','Germany','210 Main Street'),
('Miami','USA','739 Main Street'),
('Miami','Canada','605 Main Street'),
('Miami','Mexico','595 North Street'),
('Miami','Germany','463 East Street'),
('St. Louis','USA','852 Main Street'),
('St. Louis','Canada','431 Broadway Street'),
('St. Louis','Mexico','707 North Street'),
('St. Louis','Germany','605 Main Street');

INSERT INTO vendor(name,country,city)
VALUES ('Apple','USA','Los Angeles'),
('Logitech','USA','Los Angeles'),
('DJI','USA','Los Angeles'),
('Otterbox','USA','Los Angeles'),
('Best Goods','Canada','New york'),
('Best Tech','Germany','Miami'),
('Best Stuff','USA','New york'),
('Quality Goods','Canada','Miami'),
('Quality Tech','Canada','Chicago'),
('Quality Stuff','Canada','New york'),
('Tough Goods','Mexico','New york'),
('Tough Tech','Mexico','Chicago'),
('Tough Stuff','Mexico','St. Louis');

INSERT INTO product(name,brand,type,vendor_id)
VALUES ('MacBook','Apple','electronic',1),
('MacBook Pro','Apple','electronic',1),
('Mac Mini','Apple','electronic',1),
('iMac','Apple','electronic',1),
('iPhone','Apple','electronic',1),
('iPod','Apple','electronic',1),
('Apple Watch','Apple','electronic',1),
('HomePod','Apple','electronic',1),
('Smart Doorbell','Logitech','electronic',2),
('Phantom 4','DJI','drone',3),
('Case','Otterbox','case',4),
('Cool Case','Best Goods','accessory',5),
('Cool Skin','Best Tech','accessory',6),
('Cool Charger','Best Stuff','accessory',7),
('Power Case','Quality Goods','accessory',8),
('Power Skin','Quality Tech','accessory',9),
('Power Charger','Quality Stuff','accessory',10),
('Flexible Case','Tough Goods','accessory',11),
('Flexible Skin','Tough Tech','accessory',12),
('Flexible Charger','Tough Stuff','accessory',13);

INSERT INTO configurables(configuration_type,product_id)
VALUES ('Ram',1),
('Storage',1),
('Color',1),
('Ram',2),
('Storage',2),
('Color',2),
('Ram',3),
('Storage',3),
('Color',3),
('Ram',4),
('Storage',4),
('Color',4),
('Color',5),
('Storage',5),
('Color',6),
('Storage',6),
('Color',7);

INSERT INTO model(product_id)
VALUES (1),
(1),
(1),
(1),
(1),
(1),
(1),
(1),
(1),
(1),
(1),
(1),
(1),
(1),
(1),
(1),
(1),
(1),
(1),
(1),
(1),
(1),
(1),
(1),
(1),
(1),
(1),
(1),
(1),
(1),
(1),
(1),
(1),
(1),
(1),
(1),
(1),
(1),
(1),
(1),
(1),
(1),
(1),
(1),
(1),
(2),
(2),
(2),
(2),
(2),
(2),
(2),
(2),
(2),
(2),
(2),
(2),
(2),
(2),
(2),
(2),
(2),
(2),
(2),
(2),
(2),
(2),
(2),
(2),
(2),
(2),
(2),
(2),
(2),
(2),
(2),
(2),
(2),
(2),
(2),
(2),
(2),
(2),
(2),
(2),
(2),
(2),
(2),
(2),
(2),
(3),
(3),
(3),
(3),
(3),
(3),
(3),
(3),
(3),
(3),
(3),
(3),
(3),
(3),
(3),
(3),
(3),
(3),
(3),
(3),
(3),
(3),
(3),
(3),
(3),
(3),
(3),
(3),
(3),
(3),
(3),
(3),
(3),
(3),
(3),
(3),
(3),
(3),
(3),
(3),
(3),
(3),
(3),
(3),
(3),
(4),
(4),
(4),
(4),
(4),
(4),
(4),
(4),
(4),
(4),
(4),
(4),
(4),
(4),
(4),
(4),
(4),
(4),
(4),
(4),
(4),
(4),
(4),
(4),
(4),
(4),
(4),
(4),
(4),
(4),
(4),
(4),
(4),
(4),
(4),
(4),
(4),
(4),
(4),
(4),
(4),
(4),
(4),
(4),
(4),
(5),
(5),
(5),
(5),
(5),
(5),
(5),
(5),
(5),
(5),
(5),
(5),
(5),
(5),
(5),
(6),
(6),
(6),
(6),
(6),
(6),
(6),
(6),
(6),
(6),
(6),
(6),
(6),
(6),
(6),
(7),
(7),
(7),
(7),
(7),
(7),
(7),
(8),
(9),
(10),
(11),
(12),
(13),
(14),
(15),
(16),
(17),
(18),
(19),
(20);

INSERT INTO model_configurations(configuration_id,model_id,configuration_specific)
VALUES (1,1,'16GB'),
(2,1,'256GB'),
(3,1,'Green'),
(1,2,'8GB'),
(2,2,'256GB'),
(3,2,'Black'),
(1,3,'8GB'),
(2,3,'512GB'),
(3,3,'Green'),
(1,4,'16GB'),
(2,4,'256GB'),
(3,4,'Green'),
(1,5,'16GB'),
(2,5,'256GB'),
(3,5,'Blue'),
(1,6,'16GB'),
(2,6,'256GB'),
(3,6,'Green'),
(1,7,'16GB'),
(2,7,'1TB'),
(3,7,'Red'),
(1,8,'16GB'),
(2,8,'256GB'),
(3,8,'Blue'),
(1,9,'4GB'),
(2,9,'512GB'),
(3,9,'Green'),
(1,10,'4GB'),
(2,10,'1TB'),
(3,10,'White'),
(1,11,'4GB'),
(2,11,'1TB'),
(3,11,'Blue'),
(1,12,'8GB'),
(2,12,'1TB'),
(3,12,'White'),
(1,13,'16GB'),
(2,13,'256GB'),
(3,13,'Green'),
(1,14,'16GB'),
(2,14,'256GB'),
(3,14,'Green'),
(1,15,'16GB'),
(2,15,'512GB'),
(3,15,'Blue'),
(1,16,'16GB'),
(2,16,'512GB'),
(3,16,'Red'),
(1,17,'16GB'),
(2,17,'256GB'),
(3,17,'Green'),
(1,18,'8GB'),
(2,18,'256GB'),
(3,18,'Red'),
(1,19,'8GB'),
(2,19,'512GB'),
(3,19,'Blue'),
(1,20,'4GB'),
(2,20,'512GB'),
(3,20,'White'),
(1,21,'16GB'),
(2,21,'512GB'),
(3,21,'Blue'),
(1,22,'4GB'),
(2,22,'1TB'),
(3,22,'Black'),
(1,23,'4GB'),
(2,23,'256GB'),
(3,23,'Green'),
(1,24,'8GB'),
(2,24,'512GB'),
(3,24,'White'),
(1,25,'8GB'),
(2,25,'256GB'),
(3,25,'Black'),
(1,26,'8GB'),
(2,26,'1TB'),
(3,26,'Blue'),
(1,27,'8GB'),
(2,27,'1TB'),
(3,27,'Black'),
(1,28,'4GB'),
(2,28,'512GB'),
(3,28,'Red'),
(1,29,'16GB'),
(2,29,'512GB'),
(3,29,'Black'),
(1,30,'16GB'),
(2,30,'1TB'),
(3,30,'Blue'),
(1,31,'16GB'),
(2,31,'256GB'),
(3,31,'Red'),
(1,32,'16GB'),
(2,32,'1TB'),
(3,32,'Black'),
(1,33,'4GB'),
(2,33,'1TB'),
(3,33,'Green'),
(1,34,'16GB'),
(2,34,'512GB'),
(3,34,'White'),
(1,35,'8GB'),
(2,35,'256GB'),
(3,35,'White'),
(1,36,'8GB'),
(2,36,'1TB'),
(3,36,'Red'),
(1,37,'16GB'),
(2,37,'1TB'),
(3,37,'Red'),
(1,38,'4GB'),
(2,38,'256GB'),
(3,38,'Black'),
(1,39,'8GB'),
(2,39,'1TB'),
(3,39,'Red'),
(1,40,'16GB'),
(2,40,'512GB'),
(3,40,'Black'),
(1,41,'16GB'),
(2,41,'512GB'),
(3,41,'Red'),
(1,42,'8GB'),
(2,42,'1TB'),
(3,42,'Blue'),
(1,43,'4GB'),
(2,43,'1TB'),
(3,43,'Black'),
(1,44,'8GB'),
(2,44,'512GB'),
(3,44,'Blue'),
(1,45,'16GB'),
(2,45,'256GB'),
(3,45,'Red'),
(4,46,'4GB'),
(5,46,'256GB'),
(6,46,'Red'),
(4,47,'8GB'),
(5,47,'512GB'),
(6,47,'Red'),
(4,48,'4GB'),
(5,48,'256GB'),
(6,48,'White'),
(4,49,'8GB'),
(5,49,'512GB'),
(6,49,'Blue'),
(4,50,'8GB'),
(5,50,'1TB'),
(6,50,'Blue'),
(4,51,'16GB'),
(5,51,'512GB'),
(6,51,'Red'),
(4,52,'8GB'),
(5,52,'256GB'),
(6,52,'Red'),
(4,53,'4GB'),
(5,53,'256GB'),
(6,53,'Blue'),
(4,54,'8GB'),
(5,54,'512GB'),
(6,54,'Blue'),
(4,55,'4GB'),
(5,55,'1TB'),
(6,55,'Black'),
(4,56,'8GB'),
(5,56,'512GB'),
(6,56,'Green'),
(4,57,'16GB'),
(5,57,'256GB'),
(6,57,'Black'),
(4,58,'16GB'),
(5,58,'1TB'),
(6,58,'Green'),
(4,59,'4GB'),
(5,59,'512GB'),
(6,59,'Red'),
(4,60,'4GB'),
(5,60,'512GB'),
(6,60,'Green'),
(4,61,'4GB'),
(5,61,'256GB'),
(6,61,'Blue'),
(4,62,'4GB'),
(5,62,'512GB'),
(6,62,'Blue'),
(4,63,'4GB'),
(5,63,'512GB'),
(6,63,'Green'),
(4,64,'4GB'),
(5,64,'256GB'),
(6,64,'Green'),
(4,65,'8GB'),
(5,65,'1TB'),
(6,65,'White'),
(4,66,'16GB'),
(5,66,'1TB'),
(6,66,'Red'),
(4,67,'4GB'),
(5,67,'256GB'),
(6,67,'Black'),
(4,68,'8GB'),
(5,68,'512GB'),
(6,68,'Green'),
(4,69,'16GB'),
(5,69,'1TB'),
(6,69,'Black'),
(4,70,'4GB'),
(5,70,'256GB'),
(6,70,'White'),
(4,71,'8GB'),
(5,71,'512GB'),
(6,71,'Blue'),
(4,72,'8GB'),
(5,72,'512GB'),
(6,72,'Green'),
(4,73,'4GB'),
(5,73,'1TB'),
(6,73,'Blue'),
(4,74,'4GB'),
(5,74,'1TB'),
(6,74,'Black'),
(4,75,'8GB'),
(5,75,'512GB'),
(6,75,'Green'),
(4,76,'16GB'),
(5,76,'512GB'),
(6,76,'Red'),
(4,77,'4GB'),
(5,77,'512GB'),
(6,77,'Black'),
(4,78,'4GB'),
(5,78,'512GB'),
(6,78,'Red'),
(4,79,'16GB'),
(5,79,'512GB'),
(6,79,'Blue'),
(4,80,'8GB'),
(5,80,'512GB'),
(6,80,'Black'),
(4,81,'8GB'),
(5,81,'1TB'),
(6,81,'Black'),
(4,82,'16GB'),
(5,82,'256GB'),
(6,82,'White'),
(4,83,'16GB'),
(5,83,'256GB'),
(6,83,'Blue'),
(4,84,'16GB'),
(5,84,'1TB'),
(6,84,'Black'),
(4,85,'4GB'),
(5,85,'512GB'),
(6,85,'Blue'),
(4,86,'8GB'),
(5,86,'1TB'),
(6,86,'Black'),
(4,87,'8GB'),
(5,87,'512GB'),
(6,87,'Red'),
(4,88,'16GB'),
(5,88,'512GB'),
(6,88,'Green'),
(4,89,'4GB'),
(5,89,'1TB'),
(6,89,'Black'),
(4,90,'4GB'),
(5,90,'512GB'),
(6,90,'White'),
(7,91,'8GB'),
(8,91,'512GB'),
(9,91,'Red'),
(7,92,'16GB'),
(8,92,'256GB'),
(9,92,'Black'),
(7,93,'16GB'),
(8,93,'256GB'),
(9,93,'Green'),
(7,94,'4GB'),
(8,94,'512GB'),
(9,94,'Blue'),
(7,95,'8GB'),
(8,95,'512GB'),
(9,95,'Blue'),
(7,96,'8GB'),
(8,96,'256GB'),
(9,96,'White'),
(7,97,'4GB'),
(8,97,'256GB'),
(9,97,'Green'),
(7,98,'16GB'),
(8,98,'256GB'),
(9,98,'Red'),
(7,99,'16GB'),
(8,99,'512GB'),
(9,99,'Black'),
(7,100,'8GB'),
(8,100,'512GB'),
(9,100,'Red'),
(7,101,'16GB'),
(8,101,'512GB'),
(9,101,'Black'),
(7,102,'16GB'),
(8,102,'1TB'),
(9,102,'White'),
(7,103,'8GB'),
(8,103,'1TB'),
(9,103,'Black'),
(7,104,'4GB'),
(8,104,'512GB'),
(9,104,'Black'),
(7,105,'16GB'),
(8,105,'1TB'),
(9,105,'White'),
(7,106,'16GB'),
(8,106,'512GB'),
(9,106,'Black'),
(7,107,'4GB'),
(8,107,'1TB'),
(9,107,'White'),
(7,108,'16GB'),
(8,108,'256GB'),
(9,108,'Blue'),
(7,109,'16GB'),
(8,109,'1TB'),
(9,109,'Red'),
(7,110,'4GB'),
(8,110,'256GB'),
(9,110,'Red'),
(7,111,'8GB'),
(8,111,'512GB'),
(9,111,'White'),
(7,112,'8GB'),
(8,112,'1TB'),
(9,112,'Black'),
(7,113,'16GB'),
(8,113,'512GB'),
(9,113,'Black'),
(7,114,'16GB'),
(8,114,'1TB'),
(9,114,'Green'),
(7,115,'8GB'),
(8,115,'512GB'),
(9,115,'Red'),
(7,116,'16GB'),
(8,116,'1TB'),
(9,116,'Green'),
(7,117,'4GB'),
(8,117,'256GB'),
(9,117,'Blue'),
(7,118,'4GB'),
(8,118,'256GB'),
(9,118,'Blue'),
(7,119,'4GB'),
(8,119,'256GB'),
(9,119,'Blue'),
(7,120,'16GB'),
(8,120,'256GB'),
(9,120,'Green'),
(7,121,'8GB'),
(8,121,'1TB'),
(9,121,'Red'),
(7,122,'4GB'),
(8,122,'1TB'),
(9,122,'Green'),
(7,123,'8GB'),
(8,123,'512GB'),
(9,123,'Red'),
(7,124,'4GB'),
(8,124,'1TB'),
(9,124,'Green'),
(7,125,'16GB'),
(8,125,'512GB'),
(9,125,'Black'),
(7,126,'8GB'),
(8,126,'512GB'),
(9,126,'White'),
(7,127,'8GB'),
(8,127,'512GB'),
(9,127,'Black'),
(7,128,'16GB'),
(8,128,'256GB'),
(9,128,'Blue'),
(7,129,'8GB'),
(8,129,'1TB'),
(9,129,'Red'),
(7,130,'8GB'),
(8,130,'512GB'),
(9,130,'Blue'),
(7,131,'4GB'),
(8,131,'512GB'),
(9,131,'Red'),
(7,132,'4GB'),
(8,132,'256GB'),
(9,132,'Blue'),
(7,133,'8GB'),
(8,133,'1TB'),
(9,133,'Red'),
(7,134,'16GB'),
(8,134,'256GB'),
(9,134,'Blue'),
(7,135,'8GB'),
(8,135,'256GB'),
(9,135,'Green'),
(10,136,'8GB'),
(11,136,'512GB'),
(12,136,'Blue'),
(10,137,'4GB'),
(11,137,'512GB'),
(12,137,'Blue'),
(10,138,'16GB'),
(11,138,'512GB'),
(12,138,'Red'),
(10,139,'8GB'),
(11,139,'256GB'),
(12,139,'Black'),
(10,140,'8GB'),
(11,140,'512GB'),
(12,140,'Red'),
(10,141,'4GB'),
(11,141,'256GB'),
(12,141,'Red'),
(10,142,'4GB'),
(11,142,'1TB'),
(12,142,'Green'),
(10,143,'8GB'),
(11,143,'256GB'),
(12,143,'Green'),
(10,144,'16GB'),
(11,144,'1TB'),
(12,144,'Blue'),
(10,145,'4GB'),
(11,145,'256GB'),
(12,145,'White'),
(10,146,'4GB'),
(11,146,'256GB'),
(12,146,'Green'),
(10,147,'4GB'),
(11,147,'512GB'),
(12,147,'Green'),
(10,148,'16GB'),
(11,148,'512GB'),
(12,148,'Green'),
(10,149,'16GB'),
(11,149,'1TB'),
(12,149,'Red'),
(10,150,'16GB'),
(11,150,'1TB'),
(12,150,'Red'),
(10,151,'16GB'),
(11,151,'1TB'),
(12,151,'White'),
(10,152,'16GB'),
(11,152,'1TB'),
(12,152,'White'),
(10,153,'8GB'),
(11,153,'1TB'),
(12,153,'Red'),
(10,154,'8GB'),
(11,154,'512GB'),
(12,154,'Red'),
(10,155,'16GB'),
(11,155,'512GB'),
(12,155,'White'),
(10,156,'8GB'),
(11,156,'1TB'),
(12,156,'White'),
(10,157,'16GB'),
(11,157,'512GB'),
(12,157,'Blue'),
(10,158,'8GB'),
(11,158,'512GB'),
(12,158,'Red'),
(10,159,'8GB'),
(11,159,'1TB'),
(12,159,'Black'),
(10,160,'4GB'),
(11,160,'1TB'),
(12,160,'Red'),
(10,161,'8GB'),
(11,161,'256GB'),
(12,161,'Black'),
(10,162,'4GB'),
(11,162,'512GB'),
(12,162,'Green'),
(10,163,'8GB'),
(11,163,'512GB'),
(12,163,'Green'),
(10,164,'4GB'),
(11,164,'512GB'),
(12,164,'Green'),
(10,165,'16GB'),
(11,165,'512GB'),
(12,165,'Red'),
(10,166,'16GB'),
(11,166,'512GB'),
(12,166,'White'),
(10,167,'4GB'),
(11,167,'512GB'),
(12,167,'Black'),
(10,168,'8GB'),
(11,168,'1TB'),
(12,168,'White'),
(10,169,'8GB'),
(11,169,'1TB'),
(12,169,'Blue'),
(10,170,'8GB'),
(11,170,'512GB'),
(12,170,'Black'),
(10,171,'16GB'),
(11,171,'256GB'),
(12,171,'Green'),
(10,172,'8GB'),
(11,172,'512GB'),
(12,172,'Green'),
(10,173,'4GB'),
(11,173,'512GB'),
(12,173,'Blue'),
(10,174,'8GB'),
(11,174,'256GB'),
(12,174,'Green'),
(10,175,'16GB'),
(11,175,'1TB'),
(12,175,'Red'),
(10,176,'16GB'),
(11,176,'256GB'),
(12,176,'Green'),
(10,177,'4GB'),
(11,177,'256GB'),
(12,177,'Blue'),
(10,178,'16GB'),
(11,178,'1TB'),
(12,178,'Red'),
(10,179,'16GB'),
(11,179,'1TB'),
(12,179,'Blue'),
(10,180,'4GB'),
(11,180,'1TB'),
(12,180,'Black'),
(13,181,'Black'),
(14,181,'1TB'),
(13,182,'Green'),
(14,182,'256GB'),
(13,183,'White'),
(14,183,'256GB'),
(13,184,'Green'),
(14,184,'256GB'),
(13,185,'White'),
(14,185,'1TB'),
(13,186,'Green'),
(14,186,'256GB'),
(13,187,'Green'),
(14,187,'512GB'),
(13,188,'Black'),
(14,188,'256GB'),
(13,189,'Blue'),
(14,189,'1TB'),
(13,190,'Blue'),
(14,190,'1TB'),
(13,191,'Red'),
(14,191,'256GB'),
(13,192,'Green'),
(14,192,'256GB'),
(13,193,'Blue'),
(14,193,'1TB'),
(13,194,'Red'),
(14,194,'1TB'),
(13,195,'White'),
(14,195,'1TB'),
(15,196,'Red'),
(16,196,'1TB'),
(15,197,'Red'),
(16,197,'256GB'),
(15,198,'Blue'),
(16,198,'256GB'),
(15,199,'Red'),
(16,199,'512GB'),
(15,200,'Green'),
(16,200,'1TB'),
(15,201,'Black'),
(16,201,'1TB'),
(15,202,'Black'),
(16,202,'256GB'),
(15,203,'Green'),
(16,203,'512GB'),
(15,204,'Red'),
(16,204,'512GB'),
(15,205,'Blue'),
(16,205,'256GB'),
(15,206,'Blue'),
(16,206,'256GB'),
(15,207,'Black'),
(16,207,'512GB'),
(15,208,'Red'),
(16,208,'256GB'),
(15,209,'Green'),
(16,209,'1TB'),
(15,210,'Red'),
(16,210,'256GB'),
(17,211,'Black'),
(17,212,'Black'),
(17,213,'Red'),
(17,214,'White'),
(17,215,'Red'),
(17,216,'Blue'),
(17,217,'White');

INSERT INTO stock(store_id,model_id,count,price)
VALUES (1,1,9,964.01),
(1,3,2,816.98),
(1,4,6,255.73),
(1,12,7,424.88),
(1,14,7,366.32),
(1,16,2,631.31),
(1,20,14,140.56),
(1,21,11,359.26),
(1,28,3,233.0),
(1,31,14,560.49),
(1,36,10,31.52),
(1,38,13,975.07),
(1,39,13,745.62),
(1,41,2,916.7),
(1,42,10,110.96),
(1,45,7,707.18),
(1,57,14,871.1),
(1,60,1,353.96),
(1,61,13,643.96),
(1,72,14,548.11),
(1,74,7,74.12),
(1,76,5,214.96),
(1,78,2,35.3),
(1,88,13,499.02),
(1,89,0,90.92),
(1,93,1,331.1),
(1,100,13,683.3),
(1,113,10,710.07),
(1,114,4,381.8),
(1,115,7,922.09),
(1,121,13,147.25),
(1,128,13,910.7),
(1,131,1,425.05),
(1,133,2,966.58),
(1,135,4,740.99),
(1,138,12,143.08),
(1,140,13,735.08),
(1,146,2,414.66),
(1,149,13,567.16),
(1,163,4,92.06),
(1,164,12,936.19),
(1,174,6,344.34),
(1,176,1,745.38),
(1,180,0,475.18),
(1,188,15,936.26),
(1,190,1,347.55),
(1,192,13,334.46),
(1,196,9,650.39),
(1,197,2,470.23),
(1,198,8,871.01),
(1,208,15,225.95),
(1,213,12,442.23),
(1,215,10,781.72),
(1,218,15,153.07),
(1,219,15,137.03),
(1,220,15,171.07),
(1,221,15,715.17),
(1,222,15,156.17),
(1,223,15,717.18),
(1,224,15,525.15),
(1,225,15,641.81),
(1,226,15,194.95),
(1,227,15,716.85),
(1,228,15,654.15),
(1,229,15,284.16),
(1,230,13,327.81),
(2,1,5,872.66),
(2,5,9,222.64),
(2,12,10,751.75),
(2,14,2,189.06),
(2,18,4,143.17),
(2,21,15,13.77),
(2,24,0,520.97),
(2,30,5,371.0),
(2,33,10,277.71),
(2,36,4,944.54),
(2,41,5,653.6),
(2,46,12,586.32),
(2,47,6,346.06),
(2,54,8,332.73),
(2,58,11,405.18),
(2,62,2,26.72),
(2,78,14,450.51),
(2,85,14,651.47),
(2,86,7,935.4),
(2,87,8,727.07),
(2,93,3,675.79),
(2,96,1,616.33),
(2,97,14,63.93),
(2,100,10,344.76),
(2,109,0,248.22),
(2,110,14,523.31),
(2,114,9,861.56),
(2,119,0,463.95),
(2,132,9,180.33),
(2,133,15,611.55),
(2,137,7,969.05),
(2,140,8,851.79),
(2,141,13,224.15),
(2,142,3,256.85),
(2,145,10,246.65),
(2,147,0,888.15),
(2,154,1,485.19),
(2,163,10,33.22),
(2,164,9,333.39),
(2,172,8,54.98),
(2,173,6,715.11),
(2,176,0,542.87),
(2,180,13,596.64),
(2,181,8,374.93),
(2,183,14,713.37),
(2,185,9,167.74),
(2,186,3,950.12),
(2,188,1,911.1),
(2,189,1,493.92),
(2,190,14,553.81),
(2,196,1,467.31),
(2,199,8,888.27),
(2,201,5,405.2),
(2,206,12,967.41),
(2,207,2,470.92),
(2,208,4,811.34),
(2,220,8,649.4),
(2,224,2,216.45),
(3,1,5,470.29),
(3,5,10,207.4),
(3,9,8,432.42),
(3,11,2,341.57),
(3,13,8,337.05),
(3,16,1,357.37),
(3,45,14,264.0),
(3,47,0,594.88),
(3,52,14,392.73),
(3,54,11,363.69),
(3,56,4,529.89),
(3,58,12,501.28),
(3,59,15,826.73),
(3,60,14,321.01),
(3,61,13,656.66),
(3,62,2,96.8),
(3,63,9,331.03),
(3,65,4,984.87),
(3,66,9,457.18),
(3,75,8,961.26),
(3,79,13,217.21),
(3,80,7,767.73),
(3,84,13,336.18),
(3,87,2,233.29),
(3,88,12,37.42),
(3,90,12,156.76),
(3,92,6,790.12),
(3,93,13,964.97),
(3,94,10,869.83),
(3,97,0,36.89),
(3,109,5,948.51),
(3,119,0,998.27),
(3,123,4,446.1),
(3,133,14,971.28),
(3,148,8,216.5),
(3,151,14,977.96),
(3,155,4,742.08),
(3,159,9,629.87),
(3,162,7,39.79),
(3,164,1,555.57),
(3,171,2,98.76),
(3,173,6,399.5),
(3,191,9,221.24),
(3,192,7,134.92),
(3,196,10,592.9),
(3,198,7,897.67),
(3,209,8,170.1),
(3,214,15,102.0),
(3,215,0,718.64),
(3,217,10,755.49),
(3,220,11,610.78),
(3,227,3,963.01),
(3,229,8,951.92),
(4,4,10,518.28),
(4,19,1,627.21),
(4,24,7,682.03),
(4,28,0,662.15),
(4,45,1,367.68),
(4,47,9,696.76),
(4,48,3,523.47),
(4,49,3,589.84),
(4,53,2,318.29),
(4,57,1,761.89),
(4,72,3,107.29),
(4,74,4,852.22),
(4,77,5,758.81),
(4,81,0,662.6),
(4,85,4,111.69),
(4,86,7,462.07),
(4,91,6,923.75),
(4,92,15,47.89),
(4,95,13,385.0),
(4,96,14,893.61),
(4,101,11,100.5),
(4,106,11,885.19),
(4,110,4,505.83),
(4,111,10,892.77),
(4,114,15,43.37),
(4,129,13,630.09),
(4,136,3,855.48),
(4,141,11,529.0),
(4,147,9,532.7),
(4,149,5,361.06),
(4,161,10,102.49),
(4,163,11,541.13),
(4,167,10,118.79),
(4,173,2,46.4),
(4,175,6,579.1),
(4,184,14,975.88),
(4,185,8,570.35),
(4,191,11,552.89),
(4,193,4,138.69),
(4,202,14,279.68),
(4,204,11,701.04),
(4,205,1,946.41),
(4,207,9,253.91),
(4,210,7,749.34),
(4,212,3,479.44),
(4,220,6,948.07),
(4,221,4,55.32),
(4,226,7,933.15),
(4,227,3,504.17),
(5,4,14,895.87),
(5,6,8,515.82),
(5,9,11,856.54),
(5,11,14,244.99),
(5,15,14,700.05),
(5,23,3,937.43),
(5,29,0,224.0),
(5,33,13,924.57),
(5,36,6,50.81),
(5,37,8,261.12),
(5,45,13,141.89),
(5,49,0,942.84),
(5,53,3,330.98),
(5,54,3,965.84),
(5,58,14,649.03),
(5,63,5,755.01),
(5,64,15,911.91),
(5,65,11,471.38),
(5,69,2,223.1),
(5,80,9,587.31),
(5,82,9,990.18),
(5,83,6,709.68),
(5,84,11,668.82),
(5,90,15,122.96),
(5,93,1,448.27),
(5,98,8,981.76),
(5,99,11,854.03),
(5,112,5,745.87),
(5,115,1,426.98),
(5,133,4,834.32),
(5,143,7,831.27),
(5,152,13,613.02),
(5,153,3,446.15),
(5,154,15,661.14),
(5,155,1,675.61),
(5,156,1,33.89),
(5,157,1,713.54),
(5,161,14,228.15),
(5,172,2,734.01),
(5,180,2,666.54),
(5,181,3,829.61),
(5,186,15,680.85),
(5,187,0,236.76),
(5,189,12,518.09),
(5,190,2,173.31),
(5,194,10,467.25),
(5,196,8,650.4),
(5,197,11,354.67),
(5,204,6,719.1),
(5,206,5,463.49),
(5,212,8,582.56),
(5,229,12,489.01),
(6,1,7,800.3),
(6,4,9,292.45),
(6,8,12,815.58),
(6,19,2,885.99),
(6,23,7,757.58),
(6,25,8,124.03),
(6,28,4,752.16),
(6,29,10,483.22),
(6,30,9,381.01),
(6,34,8,443.74),
(6,35,11,617.58),
(6,39,11,551.94),
(6,45,9,557.58),
(6,49,2,385.21),
(6,59,0,738.16),
(6,60,14,593.5),
(6,77,10,990.36),
(6,78,15,167.4),
(6,80,11,545.11),
(6,82,15,519.68),
(6,83,15,894.46),
(6,85,13,80.15),
(6,86,14,626.84),
(6,90,3,756.68),
(6,92,6,94.59),
(6,93,9,723.27),
(6,96,14,633.87),
(6,97,15,385.68),
(6,102,11,651.08),
(6,103,10,707.94),
(6,108,3,540.64),
(6,114,1,62.87),
(6,118,5,49.99),
(6,121,13,92.77),
(6,125,9,348.21),
(6,138,11,249.38),
(6,140,0,906.67),
(6,149,3,702.35),
(6,150,8,330.23),
(6,152,0,471.17),
(6,165,15,738.28),
(6,167,5,106.15),
(6,168,5,154.81),
(6,170,1,322.09),
(6,172,12,223.22),
(6,175,14,249.17),
(6,179,11,356.44),
(6,182,7,237.43),
(6,186,1,159.56),
(6,187,11,430.26),
(6,189,9,953.96),
(6,191,9,522.67),
(6,192,3,544.43),
(6,198,2,788.65),
(6,210,6,201.07),
(6,211,12,789.34),
(6,213,9,706.5),
(6,214,0,973.8),
(6,216,3,803.23),
(6,221,10,684.18),
(6,224,5,232.83),
(6,226,9,201.79),
(6,229,5,115.92),
(7,1,10,608.93),
(7,3,1,856.87),
(7,9,9,482.69),
(7,12,14,28.47),
(7,13,10,627.73),
(7,17,0,228.94),
(7,19,10,525.07),
(7,22,2,645.1),
(7,28,6,183.81),
(7,29,1,921.02),
(7,34,4,410.45),
(7,38,0,616.42),
(7,40,14,570.9),
(7,42,0,818.45),
(7,52,4,695.07),
(7,54,12,935.04),
(7,57,7,946.53),
(7,62,11,918.22),
(7,67,12,256.4),
(7,68,9,122.77),
(7,71,13,160.26),
(7,72,5,561.02),
(7,74,15,216.96),
(7,82,15,777.4),
(7,83,11,545.22),
(7,88,2,514.36),
(7,93,14,541.86),
(7,96,7,756.97),
(7,106,3,493.69),
(7,108,3,567.46),
(7,115,9,525.45),
(7,117,1,581.88),
(7,120,10,962.99),
(7,127,3,603.79),
(7,138,0,636.83),
(7,141,6,527.73),
(7,147,10,892.65),
(7,150,11,876.29),
(7,155,15,471.76),
(7,156,13,629.01),
(7,170,7,717.63),
(7,171,8,441.83),
(7,180,2,889.02),
(7,182,11,32.43),
(7,186,13,595.1),
(7,195,9,423.1),
(7,207,5,397.96),
(7,211,5,659.53),
(7,216,11,990.24),
(7,228,12,529.55),
(8,4,8,638.7),
(8,7,10,815.45),
(8,10,0,191.6),
(8,12,3,792.91),
(8,19,11,845.33),
(8,20,6,995.35),
(8,23,3,77.15),
(8,24,11,975.03),
(8,30,2,30.09),
(8,34,9,597.19),
(8,37,10,671.11),
(8,44,8,522.85),
(8,45,10,343.86),
(8,46,8,541.71),
(8,47,1,376.62),
(8,51,1,742.22),
(8,53,7,454.94),
(8,57,14,428.22),
(8,60,11,611.36),
(8,63,10,79.31),
(8,73,4,239.69),
(8,74,7,756.58),
(8,75,15,920.45),
(8,77,1,384.47),
(8,78,1,908.12),
(8,85,4,873.36),
(8,88,2,231.25),
(8,93,6,298.39),
(8,101,6,966.42),
(8,105,11,410.08),
(8,111,10,559.74),
(8,113,13,434.73),
(8,124,12,601.49),
(8,131,15,892.91),
(8,138,1,283.59),
(8,140,4,521.31),
(8,142,11,805.94),
(8,148,7,801.64),
(8,149,13,329.4),
(8,153,3,449.68),
(8,154,11,544.88),
(8,156,12,646.45),
(8,157,7,53.96),
(8,160,10,390.29),
(8,163,13,57.85),
(8,166,7,192.72),
(8,173,0,841.9),
(8,174,5,516.09),
(8,176,11,100.42),
(8,182,3,977.73),
(8,183,2,157.11),
(8,188,13,477.79),
(8,190,9,584.11),
(8,194,10,692.68),
(8,195,4,414.56),
(8,199,4,943.43),
(8,200,13,543.55),
(8,203,12,517.89),
(8,211,0,178.97),
(8,215,10,449.44),
(8,216,9,240.7),
(8,218,14,427.14),
(8,222,9,894.37),
(8,224,15,688.98),
(8,225,9,223.25),
(8,227,13,476.98),
(8,230,1,324.85),
(9,3,14,400.86),
(9,9,8,344.63),
(9,14,4,222.64),
(9,18,13,222.59),
(9,22,13,659.07),
(9,27,3,196.93),
(9,28,2,105.13),
(9,30,15,590.07),
(9,31,4,640.72),
(9,36,3,332.79),
(9,37,12,642.57),
(9,48,4,643.21),
(9,53,13,142.77),
(9,65,11,40.43),
(9,69,14,359.44),
(9,72,12,817.64),
(9,74,8,77.38),
(9,75,9,590.55),
(9,79,14,857.29),
(9,82,14,160.31),
(9,83,4,186.38),
(9,89,9,521.96),
(9,96,3,847.69),
(9,99,13,353.33),
(9,103,12,209.27),
(9,104,1,321.64),
(9,105,5,196.63),
(9,106,12,314.26),
(9,109,1,462.88),
(9,116,13,539.56),
(9,121,9,903.5),
(9,124,3,105.17),
(9,125,2,65.41),
(9,126,2,990.14),
(9,128,6,427.78),
(9,129,4,941.74),
(9,130,3,881.71),
(9,132,6,358.4),
(9,140,7,330.82),
(9,147,9,84.13),
(9,153,0,158.89),
(9,161,15,26.13),
(9,169,10,822.7),
(9,174,9,265.09),
(9,177,6,462.69),
(9,178,2,365.84),
(9,179,8,500.46),
(9,181,15,29.26),
(9,185,14,239.5),
(9,188,3,481.97),
(9,193,1,696.06),
(9,194,13,520.17),
(9,195,12,729.23),
(9,200,3,15.96),
(9,204,9,250.62),
(9,205,11,517.54),
(9,210,11,750.93),
(9,211,10,153.12),
(9,212,15,233.26),
(9,216,12,98.6),
(9,218,12,849.33),
(9,219,6,784.95),
(9,220,8,987.18),
(9,221,5,341.51),
(9,227,5,407.95),
(10,11,2,838.04),
(10,13,9,645.57),
(10,16,12,154.92),
(10,21,1,959.57),
(10,23,0,109.06),
(10,24,5,323.44),
(10,27,10,852.42),
(10,32,6,852.25),
(10,34,6,261.36),
(10,47,13,479.85),
(10,51,9,216.79),
(10,56,3,232.17),
(10,58,6,155.27),
(10,61,9,610.7),
(10,66,12,741.21),
(10,69,6,686.95),
(10,76,9,16.87),
(10,77,1,498.11),
(10,81,1,415.16),
(10,84,15,867.67),
(10,85,12,813.66),
(10,88,1,300.29),
(10,90,4,716.36),
(10,92,2,511.21),
(10,93,12,532.24),
(10,99,5,318.09),
(10,105,15,440.24),
(10,107,9,558.0),
(10,108,0,585.31),
(10,115,11,110.55),
(10,116,13,883.55),
(10,122,0,629.18),
(10,141,15,255.51),
(10,151,1,250.56),
(10,160,9,207.05),
(10,164,11,289.56),
(10,166,6,705.35),
(10,170,2,800.62),
(10,178,13,962.97),
(10,182,8,812.56),
(10,184,7,475.85),
(10,197,5,542.31),
(10,202,6,484.1),
(10,208,4,504.76),
(10,210,14,718.83),
(10,216,4,141.16),
(10,224,3,235.09),
(10,225,15,972.65),
(10,226,14,170.81),
(10,228,9,616.62),
(11,1,9,933.55),
(11,4,11,744.96),
(11,7,0,945.49),
(11,9,13,997.73),
(11,11,12,418.03),
(11,39,8,661.51),
(11,42,12,72.56),
(11,44,11,894.16),
(11,45,10,757.66),
(11,48,9,780.15),
(11,49,1,261.87),
(11,50,9,651.43),
(11,53,5,427.94),
(11,60,14,43.4),
(11,62,11,725.32),
(11,63,1,549.55),
(11,74,8,280.25),
(11,75,13,827.79),
(11,76,3,793.37),
(11,89,7,35.57),
(11,90,10,156.82),
(11,94,13,404.01),
(11,95,0,375.91),
(11,113,15,704.53),
(11,116,4,821.94),
(11,117,10,200.16),
(11,123,9,158.49),
(11,124,7,687.38),
(11,126,5,706.07),
(11,127,7,351.55),
(11,129,4,328.61),
(11,133,13,752.06),
(11,136,9,867.25),
(11,141,11,327.2),
(11,142,9,635.01),
(11,145,15,306.9),
(11,161,11,692.26),
(11,162,14,615.51),
(11,164,2,285.47),
(11,167,2,779.71),
(11,170,8,371.06),
(11,180,8,856.33),
(11,183,14,674.22),
(11,186,1,328.6),
(11,196,7,168.52),
(11,202,14,318.47),
(11,203,6,825.96),
(11,208,10,872.5),
(11,209,15,365.2),
(11,213,6,819.68),
(11,216,2,773.52),
(11,222,3,256.16),
(11,226,13,871.54),
(12,14,6,525.98),
(12,18,6,622.37),
(12,22,7,826.54),
(12,23,15,715.38),
(12,26,11,882.31),
(12,28,1,729.53),
(12,40,7,281.92),
(12,52,6,87.3),
(12,61,5,233.01),
(12,68,6,594.01),
(12,69,8,809.22),
(12,71,9,832.74),
(12,72,5,214.67),
(12,73,4,260.43),
(12,77,5,820.86),
(12,80,10,517.71),
(12,84,14,153.77),
(12,100,14,245.54),
(12,102,2,535.78),
(12,103,14,892.06),
(12,109,0,93.82),
(12,114,8,452.46),
(12,121,1,590.95),
(12,126,11,624.01),
(12,127,8,770.36),
(12,128,3,810.69),
(12,136,2,642.88),
(12,138,0,872.05),
(12,139,0,786.13),
(12,140,14,636.46),
(12,141,3,835.87),
(12,147,7,231.2),
(12,148,1,550.52),
(12,154,0,316.94),
(12,159,4,342.88),
(12,160,3,970.82),
(12,161,9,949.35),
(12,163,7,821.81),
(12,167,11,146.08),
(12,168,10,628.26),
(12,170,7,259.02),
(12,171,11,156.21),
(12,176,14,118.56),
(12,178,8,219.86),
(12,181,2,384.94),
(12,182,7,881.27),
(12,184,10,821.53),
(12,187,4,587.74),
(12,197,8,205.27),
(12,209,10,401.04),
(12,210,0,727.74),
(12,214,5,521.12),
(12,218,1,188.64),
(12,219,4,862.54),
(12,223,0,82.59),
(12,230,2,354.01),
(13,11,4,432.11),
(13,22,12,447.12),
(13,27,5,93.55),
(13,34,14,428.81),
(13,38,1,433.2),
(13,45,1,646.34),
(13,49,6,287.89),
(13,51,11,593.67),
(13,54,5,258.91),
(13,58,1,769.84),
(13,61,1,473.11),
(13,65,11,881.05),
(13,66,9,254.41),
(13,72,4,13.96),
(13,76,1,93.93),
(13,80,5,696.62),
(13,81,3,202.9),
(13,85,2,373.41),
(13,86,2,951.87),
(13,88,10,893.94),
(13,91,10,463.33),
(13,106,14,301.35),
(13,110,5,707.84),
(13,113,2,86.11),
(13,114,0,271.36),
(13,118,1,660.22),
(13,121,8,916.82),
(13,127,1,187.23),
(13,128,0,703.37),
(13,132,10,356.08),
(13,134,14,250.71),
(13,138,7,498.48),
(13,141,15,265.31),
(13,143,10,238.7),
(13,146,8,654.93),
(13,150,11,797.75),
(13,151,10,102.14),
(13,153,11,136.39),
(13,168,14,937.41),
(13,169,9,29.39),
(13,174,0,360.92),
(13,175,6,592.15),
(13,178,14,462.27),
(13,180,10,834.89),
(13,184,13,394.49),
(13,192,12,222.39),
(13,197,12,60.23),
(13,199,11,567.37),
(13,206,10,421.07),
(13,212,11,787.38),
(13,214,4,970.18),
(13,217,3,298.87),
(13,219,9,788.7),
(13,220,7,508.3),
(13,221,8,315.12),
(13,229,2,637.58),
(14,2,4,658.17),
(14,3,12,922.45),
(14,7,2,664.74),
(14,9,15,889.17),
(14,12,5,924.62),
(14,13,10,651.87),
(14,15,8,620.21),
(14,22,10,480.79),
(14,25,3,167.13),
(14,30,3,934.77),
(14,34,13,55.58),
(14,36,10,73.39),
(14,37,0,516.53),
(14,40,15,225.11),
(14,41,11,356.91),
(14,46,12,152.94),
(14,49,15,533.2),
(14,56,0,380.99),
(14,65,0,467.2),
(14,67,8,143.22),
(14,69,0,157.78),
(14,72,6,399.94),
(14,79,10,938.05),
(14,84,14,809.77),
(14,88,5,627.39),
(14,92,7,615.28),
(14,93,15,983.95),
(14,96,7,870.84),
(14,98,9,218.78),
(14,103,12,292.32),
(14,104,13,756.58),
(14,105,0,208.69),
(14,109,9,360.98),
(14,111,4,540.96),
(14,114,12,569.81),
(14,115,2,201.91),
(14,121,12,418.09),
(14,123,1,350.4),
(14,125,0,218.99),
(14,126,3,962.73),
(14,129,14,903.66),
(14,132,2,507.3),
(14,136,0,84.71),
(14,141,15,22.33),
(14,142,3,535.0),
(14,153,12,656.23),
(14,154,12,245.77),
(14,160,11,258.0),
(14,162,11,526.98),
(14,163,7,667.43),
(14,164,1,768.99),
(14,169,6,384.39),
(14,171,1,723.67),
(14,177,15,40.79),
(14,179,3,820.87),
(14,192,12,105.72),
(14,198,1,150.61),
(14,199,14,856.01),
(14,200,6,379.63),
(14,205,8,897.51),
(14,206,14,793.48),
(14,211,6,726.87),
(14,213,9,662.03),
(14,214,11,59.22),
(14,216,1,873.8),
(14,223,10,172.66),
(15,3,4,613.85),
(15,4,4,857.66),
(15,8,6,314.36),
(15,16,4,74.16),
(15,17,3,30.86),
(15,26,12,316.27),
(15,28,9,260.86),
(15,34,5,888.09),
(15,38,8,791.82),
(15,42,7,946.69),
(15,49,2,372.17),
(15,53,10,455.82),
(15,55,1,749.27),
(15,57,8,46.02),
(15,58,15,177.86),
(15,59,3,716.99),
(15,60,5,410.91),
(15,62,3,879.34),
(15,77,3,107.17),
(15,79,2,942.34),
(15,81,0,800.87),
(15,83,3,600.07),
(15,89,10,349.32),
(15,90,8,702.23),
(15,91,7,49.81),
(15,94,9,764.28),
(15,103,12,363.76),
(15,104,10,849.68),
(15,108,6,38.16),
(15,111,8,155.86),
(15,119,15,180.11),
(15,120,7,840.86),
(15,121,15,334.92),
(15,123,14,277.1),
(15,126,4,928.62),
(15,127,2,655.9),
(15,129,6,96.93),
(15,131,0,729.0),
(15,135,10,23.42),
(15,136,11,983.85),
(15,141,15,719.69),
(15,142,3,170.26),
(15,143,15,420.21),
(15,149,8,593.42),
(15,152,0,875.92),
(15,155,11,670.07),
(15,162,13,247.77),
(15,166,11,751.29),
(15,169,10,122.92),
(15,171,10,924.44),
(15,175,11,987.98),
(15,178,12,47.23),
(15,179,5,437.29),
(15,181,3,734.09),
(15,191,1,625.69),
(15,192,10,263.01),
(15,193,10,602.72),
(15,195,6,814.87),
(15,197,11,820.94),
(15,199,1,260.74),
(15,209,11,163.47),
(15,213,2,415.66),
(15,215,13,814.79),
(15,218,3,392.67),
(15,226,6,476.51),
(16,2,6,334.41),
(16,3,7,652.43),
(16,8,8,735.72),
(16,11,0,322.47),
(16,13,7,253.75),
(16,16,2,677.46),
(16,19,5,806.96),
(16,25,8,84.71),
(16,27,11,579.4),
(16,31,5,885.61),
(16,32,12,348.73),
(16,35,7,987.12),
(16,39,9,107.67),
(16,41,4,574.9),
(16,48,8,894.72),
(16,60,11,262.77),
(16,64,7,437.21),
(16,66,14,260.53),
(16,67,0,538.85),
(16,71,14,807.02),
(16,75,11,905.82),
(16,76,1,293.49),
(16,80,1,213.97),
(16,81,15,144.92),
(16,86,10,547.24),
(16,92,13,693.4),
(16,94,6,945.64),
(16,99,15,554.97),
(16,108,8,377.5),
(16,111,1,14.11),
(16,113,0,633.97),
(16,115,6,713.36),
(16,118,9,791.51),
(16,125,2,744.5),
(16,133,4,918.77),
(16,146,8,116.95),
(16,150,3,86.81),
(16,169,9,401.69),
(16,170,0,273.01),
(16,179,4,714.65),
(16,181,0,663.62),
(16,183,5,899.84),
(16,199,15,946.14),
(16,202,9,816.05),
(16,213,6,783.45),
(16,216,5,441.26),
(16,220,8,63.74),
(16,221,8,485.8),
(16,222,14,922.56),
(16,224,6,981.35),
(16,225,12,246.39),
(16,227,14,831.78),
(17,11,7,981.06),
(17,19,14,524.04),
(17,21,13,517.81),
(17,28,13,806.31),
(17,29,4,675.71),
(17,33,4,437.85),
(17,44,13,536.24),
(17,47,7,391.74),
(17,49,10,932.79),
(17,50,5,40.84),
(17,60,10,439.24),
(17,62,0,519.76),
(17,68,4,546.52),
(17,78,1,942.89),
(17,85,13,303.1),
(17,102,2,883.35),
(17,105,5,742.12),
(17,108,15,223.98),
(17,109,7,526.47),
(17,119,8,189.41),
(17,126,2,262.44),
(17,133,13,795.68),
(17,136,12,863.61),
(17,138,4,231.23),
(17,140,2,36.55),
(17,142,9,794.08),
(17,147,9,361.9),
(17,153,10,953.44),
(17,155,8,90.91),
(17,157,11,460.54),
(17,165,7,603.04),
(17,168,4,944.09),
(17,171,3,963.23),
(17,173,3,781.16),
(17,176,1,205.1),
(17,177,2,163.55),
(17,179,3,359.69),
(17,188,2,828.01),
(17,190,4,865.38),
(17,191,8,576.57),
(17,195,7,487.93),
(17,197,12,187.5),
(17,200,3,353.67),
(17,201,10,723.89),
(17,209,2,639.57),
(17,220,9,974.55),
(17,228,5,692.0),
(17,230,1,242.1),
(18,4,11,208.17),
(18,9,7,998.97),
(18,14,8,415.45),
(18,22,1,270.07),
(18,27,14,192.86),
(18,36,0,818.43),
(18,37,7,187.32),
(18,38,4,626.72),
(18,39,7,781.02),
(18,40,10,344.86),
(18,42,8,734.64),
(18,44,1,210.95),
(18,53,14,647.08),
(18,56,13,880.09),
(18,59,2,775.88),
(18,66,5,904.41),
(18,67,9,710.33),
(18,68,10,972.07),
(18,70,10,854.25),
(18,75,3,781.69),
(18,77,5,49.73),
(18,83,6,830.58),
(18,84,9,350.36),
(18,87,11,908.37),
(18,98,10,581.3),
(18,100,7,226.8),
(18,106,10,354.38),
(18,112,13,540.35),
(18,115,2,397.62),
(18,118,2,203.31),
(18,129,11,713.24),
(18,130,13,512.14),
(18,133,15,308.54),
(18,134,2,33.22),
(18,136,12,677.49),
(18,138,13,730.06),
(18,150,7,282.52),
(18,153,6,722.53),
(18,154,7,517.01),
(18,159,10,38.64),
(18,165,13,684.77),
(18,167,15,674.96),
(18,172,11,873.11),
(18,176,0,580.49),
(18,184,12,767.2),
(18,188,12,63.99),
(18,190,5,446.53),
(18,191,10,179.82),
(18,194,5,442.47),
(18,198,3,820.85),
(18,199,8,356.95),
(18,207,3,345.5),
(18,208,0,674.16),
(18,209,1,157.66),
(18,215,1,371.38),
(18,216,13,325.22),
(18,227,11,98.09),
(18,228,15,11.84),
(18,229,8,228.34),
(19,2,15,925.86),
(19,6,12,368.8),
(19,7,11,64.52),
(19,9,8,680.85),
(19,11,3,592.46),
(19,12,10,19.02),
(19,15,1,268.01),
(19,16,11,750.29),
(19,23,5,937.07),
(19,36,9,454.01),
(19,38,0,305.62),
(19,39,7,157.75),
(19,40,10,888.34),
(19,42,10,408.05),
(19,47,0,360.42),
(19,59,5,187.98),
(19,61,8,968.87),
(19,68,5,494.35),
(19,77,13,394.01),
(19,78,15,832.26),
(19,80,3,495.72),
(19,86,13,414.8),
(19,96,4,23.06),
(19,99,9,800.16),
(19,104,9,424.0),
(19,108,0,716.89),
(19,113,2,23.9),
(19,121,14,216.06),
(19,122,6,449.51),
(19,132,1,72.43),
(19,136,13,480.05),
(19,147,3,889.33),
(19,155,4,484.5),
(19,157,2,41.58),
(19,158,0,867.21),
(19,165,7,346.03),
(19,166,14,431.22),
(19,167,13,420.77),
(19,170,14,886.0),
(19,171,9,699.57),
(19,172,10,48.52),
(19,174,15,268.4),
(19,177,7,377.97),
(19,178,15,144.35),
(19,179,9,457.0),
(19,180,7,100.15),
(19,186,14,981.78),
(19,188,5,832.71),
(19,206,15,155.79),
(19,207,1,844.83),
(19,208,15,304.4),
(19,210,10,280.04),
(19,213,7,301.47),
(19,215,13,424.98),
(19,216,9,825.83),
(19,220,0,902.31),
(19,221,10,988.01),
(19,222,14,994.24),
(20,15,8,543.41),
(20,17,7,930.3),
(20,30,4,421.47),
(20,33,2,758.71),
(20,35,4,454.4),
(20,49,13,349.96),
(20,55,10,964.13),
(20,59,1,499.01),
(20,74,13,426.74),
(20,78,9,350.03),
(20,83,5,665.08),
(20,84,5,511.41),
(20,85,3,510.58),
(20,87,11,34.06),
(20,93,5,895.61),
(20,96,4,564.81),
(20,98,6,699.33),
(20,102,1,323.53),
(20,108,8,667.03),
(20,110,3,777.26),
(20,117,7,963.63),
(20,125,2,139.12),
(20,128,1,593.69),
(20,147,1,565.16),
(20,148,10,622.73),
(20,152,8,138.1),
(20,157,12,919.48),
(20,161,13,518.21),
(20,162,13,343.66),
(20,170,8,183.37),
(20,171,14,582.73),
(20,174,6,282.65),
(20,175,13,898.42),
(20,177,10,440.58),
(20,178,8,677.87),
(20,183,5,68.39),
(20,189,2,917.3),
(20,194,10,957.6),
(20,203,0,292.53),
(20,205,2,610.37),
(20,206,8,940.39),
(20,211,1,851.79),
(20,212,15,918.41),
(20,216,10,905.18),
(20,222,1,113.78),
(20,227,0,901.21);

INSERT INTO checkout(date,payment_method,store_id,apple_id)
VALUES ('2018-7-25','Bitcoin',15,NULL),
('2015-4-3','Account',4,15),
('2019-8-28','Bitcoin',11,NULL),
('2013-4-14','Cash',10,NULL),
('2015-6-12','Bitcoin',20,NULL),
('2018-9-11','Bitcoin',9,23),
('2013-5-22','Account',17,NULL),
('2013-2-7','Cash',6,12),
('2016-4-9','Card',20,NULL),
('2011-1-18','Account',17,14),
('2016-3-20','Cash',5,11),
('2016-2-1','Account',18,20),
('2011-4-8','Cash',10,6),
('2018-1-4','Account',10,NULL),
('2011-4-1','Card',2,13),
('2012-4-15','Cash',16,NULL),
('2012-9-7','Cash',10,NULL),
('2015-7-3','Account',10,19),
('2014-6-27','Cash',9,NULL),
('2019-4-27','Account',18,3),
('2014-6-23','Bitcoin',3,9),
('2019-8-22','Bitcoin',19,NULL),
('2013-3-8','Cash',15,NULL),
('2018-6-3','Account',13,19),
('2011-3-13','Account',1,NULL),
('2018-4-26','Card',6,NULL),
('2014-10-2','Cash',4,NULL),
('2012-12-25','Cash',10,18),
('2015-7-23','Cash',8,NULL),
('2012-1-25','Bitcoin',5,NULL),
('2018-11-7','Card',19,NULL),
('2016-11-20','Bitcoin',8,NULL),
('2017-9-4','Card',17,NULL),
('2018-2-14','Card',2,12),
('2012-12-23','Account',3,NULL),
('2013-7-5','Card',4,NULL),
('2012-9-24','Bitcoin',7,NULL),
('2012-11-18','Cash',7,21),
('2014-1-10','Cash',9,14),
('2019-5-20','Card',17,8),
('2015-10-28','Bitcoin',7,3),
('2017-4-22','Card',17,NULL),
('2016-12-15','Bitcoin',11,20),
('2018-6-24','Bitcoin',17,NULL),
('2016-7-14','Cash',17,19),
('2015-12-3','Card',10,NULL),
('2011-7-20','Account',13,NULL),
('2017-8-9','Cash',12,NULL),
('2019-4-6','Account',7,NULL),
('2014-6-21','Account',18,NULL);

INSERT INTO product_purchases(model_id,checkout_id,cost)
VALUES (215,1,21.82),
(149,1,865.14),
(136,1,453.74),
(222,2,788.51),
(3,2,186.39),
(72,2,220.48),
(126,2,386.09),
(193,3,648.82),
(197,3,903.66),
(82,3,595.02),
(27,3,652.3),
(21,3,340.64),
(109,4,929.63),
(220,4,50.94),
(22,4,631.89),
(9,4,800.87),
(5,5,924.06),
(1,5,493.83),
(187,5,191.22),
(16,5,331.4),
(19,6,567.7),
(145,6,159.35),
(148,6,840.21),
(146,6,402.56),
(27,7,233.3),
(26,7,256.31),
(227,7,200.48),
(213,8,431.61),
(116,8,942.95),
(144,9,918.58),
(12,9,736.84),
(213,9,939.02),
(196,10,527.21),
(159,10,86.14),
(221,10,616.59),
(10,11,959.29),
(52,11,531.48),
(87,11,63.05),
(176,11,41.1),
(14,11,478.29),
(10,12,915.87),
(207,13,776.72),
(213,14,425.39),
(213,15,354.27),
(170,15,328.32),
(102,15,267.12),
(28,15,758.1),
(10,16,688.87),
(217,17,801.28),
(139,17,737.37),
(7,17,582.6),
(99,17,613.32),
(199,18,173.01),
(114,18,420.3),
(204,18,413.77),
(41,19,734.73),
(25,19,53.81),
(51,19,127.6),
(62,20,921.1),
(171,21,850.58),
(187,22,779.79),
(50,22,610.38),
(104,22,920.4),
(182,22,287.45),
(122,23,379.04),
(48,24,452.25),
(111,24,472.93),
(66,24,857.39),
(51,24,618.8),
(81,25,774.55),
(44,25,766.93),
(223,26,553.15),
(117,27,215.6),
(13,27,436.87),
(141,27,336.84),
(178,27,150.08),
(2,27,711.64),
(88,28,925.18),
(6,29,105.48),
(135,29,55.15),
(159,29,40.09),
(124,29,790.55),
(167,30,532.24),
(45,31,371.9),
(148,31,616.51),
(143,31,527.88),
(197,31,752.11),
(51,32,75.63),
(133,32,467.28),
(136,33,504.7),
(166,34,667.68),
(190,34,297.49),
(98,34,508.52),
(97,35,678.82),
(77,35,705.81),
(135,35,839.24),
(230,35,150.01),
(45,36,85.76),
(226,37,468.36),
(96,37,42.8),
(79,37,246.34),
(108,37,900.96),
(104,37,808.63),
(60,38,522.52),
(77,38,248.66),
(94,38,243.0),
(136,38,177.42),
(189,39,490.3),
(22,39,15.46),
(146,39,309.18),
(11,40,30.26),
(136,40,811.74),
(132,40,997.71),
(171,41,988.56),
(174,41,41.83),
(101,41,921.63),
(89,42,116.44),
(46,42,238.86),
(105,42,968.13),
(98,42,300.81),
(16,42,719.63),
(218,43,964.66),
(176,43,350.36),
(223,43,621.74),
(216,43,643.88),
(89,43,623.51),
(147,44,784.65),
(15,44,485.89),
(93,44,564.58),
(188,44,955.23),
(194,45,25.81),
(90,45,75.66),
(132,46,870.54),
(74,46,950.22),
(211,46,114.43),
(133,46,558.41),
(126,46,755.07),
(224,47,308.24),
(40,47,239.41),
(161,47,397.69),
(206,48,752.72),
(8,48,547.29),
(205,49,899.31),
(146,49,337.0),
(26,50,540.94),
(21,50,743.75),
(82,50,589.58),
(24,50,884.46),
(119,50,220.5);

INSERT INTO device(model_id,apple_id)
VALUES (1,5),
(1,4),
(2,5),
(2,9),
(2,5),
(2,10),
(2,9),
(2,5),
(3,8),
(3,7),
(3,14),
(3,15),
(3,13),
(3,16),
(3,7),
(3,18),
(3,16),
(3,6),
(4,10),
(4,8),
(4,13),
(4,4),
(4,8),
(4,18),
(5,7),
(5,3),
(5,7),
(5,16),
(5,9),
(5,14),
(5,16),
(5,13),
(5,3),
(5,14),
(6,14),
(6,12),
(6,4),
(6,16),
(6,4),
(6,3),
(6,12),
(6,16),
(6,7),
(6,12),
(7,17),
(7,7),
(7,18),
(7,6),
(7,9),
(8,18),
(8,12),
(8,7),
(8,7);
